"currency","live","home_page","open_source","github","owner_name","repo_name"
"1337","True","https://www.1337coin.net/","False","","",""
"2give","True","https://2give.info/","True","https://github.com/givecoin/givecoin/releases","givecoin","givecoin"
"42-coin","True","http://42-coin.org/","False","","",""
"808coin","True","http://808bass.space/","False","","",""
"8bit","True","http://www.8-bit.ga/","False","","",""
"9coin","True","http://live9coin.net/","False","","",""
"abjcoin","True","https://www.abjcoin.org/","True","https://github.com/abjcoinblockchain/abjcoin","abjcoinblockchain","abjcoin"
"abncoin","True","https://aviabitcoin.com/","False","","",""
"aces","True","https://bitcointalk.org/index.php?topic=1568436.0","True","https://github.com/aces-coin/acescoin","aces-coin","acescoin"
"achain","True","https://www.achain.com/","True","https://github.com/achain-dev/achain","achain-dev","achain"
"acoin","True","https://acoin.info/","True","https://github.com/acoin-project/acoin","acoin-project","acoin"
"adcoin","True","https://www.getadcoin.com/","True","https://github.com/adcoin-project/adcoin","adcoin-project","adcoin"
"adzcoin","True","https://adzcoin.org/","True","https://github.com/adzcoin/adzcoin","adzcoin","adzcoin"
"aeon","True","http://www.aeon.cash/","True","https://github.com/aeonix/aeon/releases/tag/v0.9.13.0","aeonix","aeon"
"agrolifecoin","True","https://www.agrolifecoin.org/","True","https://github.com/traiborg/agrolifecoin/releases/download/1.2/agrolifecoin-qt.exe","traiborg","agrolifecoin"
"aidos-kuneen","True","http://aidoskuneen.com/","True","https://github.com/aidoskuneen/aidos-wallet/releases","aidoskuneen","aidos-wallet"
"akuya-coin","True","http://akuyacoin.co/","True","https://github.com/akuyacoin/akuyacoin","akuyacoin","akuyacoin"
"allion","False","","","","",""
"allsafe","False","","","","",""
"alpacoin","True","http://alpacoin.com/","False","","",""
"ambercoin","True","http://ambercoin.info","True","https://github.com/ambercoindev/amber","ambercoindev","amber"
"ammo-rewards","True","http://www.ammorewards.net/","False","","",""
"amsterdamcoin","True","http://amsterdamcoin.com/","True","https://github.com/coinprojects/amsterdamcoin-v4/releases/download/v4.1.0.0/amsterdamcoin-qt-4.1.0.","coinprojects","amsterdamcoin-v4"
"anarchistsprime","True","http://www.anarchistsprime.info/","False","","",""
"animecoin","True","https://bitcointalk.org/index.php?topic=749541","True","https://github.com/testzcrypto/animecoin/releases/tag/0.8.3.2","testzcrypto","animecoin"
"anoncoin","False","","","","",""
"antibitcoin","True","http://anti.cash/","False","","",""
"antilitecoin","True","http://antilitecoin.pw/","False","","",""
"antimatter","True","https://bitcoingarden.org/forum/index.php?topic=15468.0","True","https://github.com/antimattercoin/antimatter","antimattercoin","antimatter"
"applecoin","True","http://applecoin.org/","False","","",""
"aquariuscoin","True","http://aquariuscoin.com/","True","https://github.com/aquariusnetwork/arco","aquariusnetwork","arco"
"arbit","True","https://bitcointalk.org/index.php?topic=1054576.0","True","https://github.com/arbitcoin/arbit","arbitcoin","arbit"
"arcticcoin","True","https://arcticcoin.org/","True","https://github.com/arcticcore/arcticcoin/releases/download/v0.12.1.2/arcticcore-0.12.2-win64.zip","arcticcore","arcticcoin"
"argentum","False","","","","",""
"argus","True","https://www.argusnetwork.co","False","","",""
"aricoin","True","https://aricoin.org/","False","","",""
"ark","True","http://ark.io/","True","https://github.com/arkecosystem/ark-desktop/releases","arkecosystem","ark-desktop"
"artbyte","True","https://www.artbyte.me/","False","","",""
"artex-coin","True","http://www.atxcoin.org/","False","","",""
"asch","True","http://www.asch.so/","True","https://github.com/aschplatform","aschplatfor",""
"aseancoin","True","https://asncoin.com","False","","",""
"asiacoin","True","http://www.thecoin.asia/","False","","",""
"asiadigicoin","True","http://asiadigicoin.org/","False","","",""
"asiccoin","True","http://asiccoin.biz","False","","",""
"atbcoin","True","https://atbcoin.com/","False","","",""
"atc-coin","True","http://atccoin.com/","True","https://github.com/atccoin2017/atccoin/","atccoin2017","atccoin"
"atmcoin","True","https://www.atmcoin.com/website/inicio","False","","",""
"atmos","True","https://novusphere.io/","False","","",""
"atomic-coin","True","https://www.atomicproject.org/","False","","",""
"audiocoin","True","http://www.audiocoin.eu/","False","","",""
"aureus","True","http://aureus.cc/","False","","",""
"auroracoin","True","http://auroracoin.is/","True","https://github.com/aurarad/auroracoin","aurarad","auroracoin"
"aurumcoin","True","https://bitcointalk.org/index.php?topic=1165615.0","True","https://github.com/aurumcoin/aurumcoin_au","aurumcoin","aurumcoin_au"
"avatarcoin","True","https://bitcointalk.org/index.php?topic=1287715.0","True","https://github.com/avatarcoin/avatarcoin","avatarcoin","avatarcoin"
"avoncoin","True","http://avoncoin.org/","False","","",""
"axfunds","True","http://axfunds.com/","True","https://github.com/axfunds/axfunds","axfunds","axfunds"
"axiom","True","http://axiomcrypto.org/","False","","",""
"b3coin","True","http://b3coin.net/","True","https://github.com/limxtec/b3-coinv2/releases/download/v2.0.0.2/windows.2.0.0.2.zip","limxtec","b3-coinv2"
"bastonet","True","http://www.bastonet.com/","False","","",""
"bata","True","http://www.bata.io/","True","https://github.com/bta-bata/bata-source","bta-bata","bata-source"
"batcoin","False","","","","",""
"bbqcoin","True","http://bbqcoin.org/","False","","",""
"beatcoin","False","","","","",""
"beavercoin","False","","","","",""
"benjirolls","True","http://benjirolls.cf/","False","","",""
"berncash","True","http://berncoin.org/","True","https://github.com/berniecoin/berncash","berniecoin","berncash"
"bestchain","True","http://bestchain.hol.es/","False","","",""
"betacoin","True","https://betacoin.info/","False","","",""
"biblepay","True","https://biblepay.org/","True","https://github.com/biblepay/biblepay","biblepay","biblepay"
"bigboobscoin","True","https://www.bigboobscoin.info/","False","","",""
"bigup","True","http://bigup.club/","True","https://github.com/bigups/wallet","bigups","wallet"
"billarycoin","True","http://billary.rocks/","False","","",""
"biobar","False","","","","",""
"bipcoin","True","https://bipcoin.org/","False","","",""
"birds","True","https://www.birdscoin.com/","False","","",""
"bismuth","True","http://bismuth.cz/","True","https://github.com/hclivess","hclives",""
"bitalphacoin","False","","","","",""
"bitbar","True","http://bitbar.co/","True","https://github.com/crypto-currency/bitbar","crypto-currency","bitbar"
"bitbase","True","https://bitbase.io","False","","",""
"bitbay","True","http://bitbay.market/","False","","",""
"bitbean","True","http://www.bitbean.org/","False","","",""
"bitcedi","True","http://bitcedi.online/","False","","",""
"bitcentavo","True","http://bitcentavo.com","False","","",""
"bitcloud","True","https://bit-cloud.info/","True","https://github.com/limxtec/bitcloud/releases","limxtec","bitcloud"
"bitcoal","True","http://weusecoal.org/","False","","",""
"bitcoin-21","False","","","","",""
"bitcoin-cash","True","https://www.bitcoincash.org/","True","https://github.com/bitcoinunlimited/buip/blob/master/065.mediawiki","bitcoinunlimited","buip"
"bitcoin-planet","True","http://bitcoin-planet.net/","False","","",""
"bitcoin-plus","True","http://www.bitcoinplus.org","False","","",""
"bitcoin-scrypt","True","http://theotherbitcoin.com","False","","",""
"bitcoin","True","https://bitcoin.org/","False","","",""
"bitcoindark","True","http://bitcoindark.com/","True","https://github.com/jl777/btcd","jl777","btcd"
"bitcoinfast","True","http://bitcoinfast.co/","True","https://github.com/crypto-currency/bitcoinfast","crypto-currency","bitcoinfast"
"bitcoinz","True","https://bitcoinz.global/","True","https://github.com/anthony19114/mybitcoinz/releases/tag/mybitcoinz-linux64-10.0.1","anthony19114","mybitcoinz"
"bitconnect","True","https://bitconnectcoin.co/","True","https://github.com/bitconnectcoin/bitconnectcoin/blob/master/readme.md","bitconnectcoin","bitconnectcoin"
"bitcore","True","http://bitcore.cc/","True","https://github.com/limxtec/bitcore/releases","limxtec","bitcore"
"bitcurrency","True","https://bitcointalk.org/index.php?topic=1856970.0","True","https://github.com/tokyoghetto/bitcurrencypro","tokyoghetto","bitcurrencypro"
"bitdeal","True","https://bitdeal.co.in/","True","https://github.com/bitdeal/bitdeal","bitdeal","bitdeal"
"bitfid","True","https://www.bitfid.com/","True","https://github.com/fidchain","fidchai",""
"bitgem","True","http://www.bitgem.pw/","False","","",""
"bitmark","True","http://bitmark.io/","True","https://github.com/project-bitmark/bitmark/wiki/white-papers","project-bitmark","bitmark"
"bitok","True","http://bitok.online/","False","","",""
"bitquark","True","http://www.bitquark.info/","True","https://github.com/bitquarkcoin/bitquark-0.8.3r21","bitquarkcoin","bitquark-0.8.3r21"
"bitradio","True","http://www.bitrad.io/","True","https://github.com/thebitradio/bitradio","thebitradio","bitradio"
"bitsend","True","http://www.bitsend.info/","True","https://github.com/limxtec/bitsend","limxtec","bitsend"
"bitshares","True","https://bitshares.org","True","https://github.com/bitshares","bitshare",""
"bitsoar","True","http://bitsoar.com/","True","https://github.com/' title='ver 1.0.1'  target=","' title='ver 1.0.1'  target",""
"bitstar","True","https://www.bitstarcoin.com/","True","https://github.com/bitstar/bitstar","bitstar","bitstar"
"bitswift","True","http://bitswift.io/","True","https://github.com/bitswift-v2/bitswift","bitswift-v2","bitswift"
"bittokens","True","http://www.bittoken.pw/","True","https://github.com/bittokens/bittoken","bittokens","bittoken"
"bitvolt","True","http://bitvolt.co/","True","https://github.com/voltcoin/volt","voltcoin","volt"
"bitz","True","https://bitz.biz/","True","https://github.com/mojov3/mojocoin/releases/download/v.3.0.0.5/mojocoin-qt-win-v3.0.0.5.zip","mojov3","mojocoin"
"bitzeny","True","http://bitzeny.org/","True","https://github.com/bitzeny/bitzeny","bitzeny","bitzeny"
"bixc","True","https://cryptocointalk.com/topic/53487-ann-bixc-bixc-is-an-experimental-new-digital-currency-that-enables-instant-payments-to-anyone/","True","https://github.com/mybixc/bixc-src","mybixc","bixc-src"
"blackcoin","True","http://www.blackcoin.co/","True","https://github.com/janko33bd/bitcoin/releases/download/fff/win32.zip","janko33bd","bitcoin"
"blackstar","False","","","","",""
"blakecoin","True","http://www.blakecoin.org/","True","https://github.com/bluedragon747","bluedragon74",""
"blakestar","True","http://www.blakestar.io/","False","","",""
"blazecoin","True","http://blazeco.in/","True","https://github.com/wpstudio/blazecoin","wpstudio","blazecoin"
"blazercoin","True","http://blazercoin.cf/","False","","",""
"blitzcash","True","http://blitz.cash","False","","",""
"blocknet","True","http://blocknet.co/","True","https://github.com/blocknetdx/blocknet-docs","blocknetdx","blocknet-docs"
"blockpool","True","https://www.blockpool.io/","True","https://github.com/blockpool-io","blockpool-i",""
"bluecoin","True","http://www.bluecoin.io/","False","","",""
"bnrtxcoin","True","http://www.bnrtx.com/","False","","",""
"bolivarcoin","True","http://bolicoin.com/","False","","",""
"bongger","True","http://bongger.com","False","","",""
"boostcoin","True","https://bitcointalk.org/index.php?topic=601965.0","False","","",""
"boscoin","True","https://boscoin.io/","True","https://github.com/owlchain/owlchain-core","owlchain","owlchain-core"
"bottlecaps","True","https://bitcointalk.org/index.php?topic=241445.0","True","https://github.com/bottlecaps-foundation/bottlecaps","bottlecaps-foundation","bottlecaps"
"bowscoin","True","https://bitcointalk.org/index.php?topic=1039949.0","True","https://github.com/bowscoin/bowscoin/releases/download/v2.0/bowscoin-win32.zip","bowscoin","bowscoin"
"braincoin","True","https://cryptocointalk.com/topic/46137-braincoin-info-powpossoon","True","https://github.com/axelxod/braincoin","axelxod","braincoin"
"breakout-stake","True","http://www.breakoutcoin.com/","True","https://github.com/breakoutcoin","breakoutcoi",""
"breakout","True","http://www.breakoutcoin.com/","True","https://github.com/breakoutcoin","breakoutcoi",""
"briacoin","True","https://briacoin.com","False","","",""
"bridgecoin","True","https://bridgecoin.org/","True","https://github.com/cryptobridge/bridgecoin","cryptobridge","bridgecoin"
"britcoin","True","http://britcoin.xyz/","True","https://github.com/britcoin3/","britcoin3",""
"btctalkcoin","True","https://bitcointalk.org/index.php?topic=864994.0","True","https://github.com/bccproject/btctalkcoin-1.50","bccproject","btctalkcoin-1.50"
"bubble","True","https://bitcointalk.org/index.php?topic=1348538.0","True","https://github.com/spayse/bubble/releases/tag/1.0.1.2.1","spayse","bubble"
"bumbacoin","True","http://bumbacoin.com/","True","https://github.com/bumbacoin/bumbacoin2-source/releases","bumbacoin","bumbacoin2-source"
"bunnycoin","True","http://bunnycoin.org/","False","","",""
"burst","True","http://www.burst-team.us/","True","https://github.com/poc-consortium","poc-consortiu",""
"buzzcoin","True","http://www.buzzcoin.info/","True","https://github.com/buzzcoin-project/buzz/releases/download/win-2.1/buzzcoin-qt.exe","buzzcoin-project","buzz"
"bytecent","True","http://bytecent.com","False","","",""
"c-bit","True","http://c-bit.me/","True","https://github.com/infernoman/c-bit","infernoman","c-bit"
"cabbage","False","","","","",""
"cachecoin","True","https://www.cachecoin.cc/","False","","",""
"cagecoin","True","http://cagecoin.net","False","","",""
"californium","True","https://bitcointalk.org/index.php?topic=1027613.0","True","https://github.com/californium/californium","californium","californium"
"caliphcoin","True","http://caliphcoin.eu/","False","","",""
"campuscoin","True","https://campuscoin.net/","True","https://github.com/campuscoindev/campuscoin-source","campuscoindev","campuscoin-source"
"canada-ecoin","True","http://www.canadaecoin.ca/","False","","",""
"cannabiscoin","True","http://cannabiscoin.net","True","https://github.com/cannabiscoindev/cannabiscoin420","cannabiscoindev","cannabiscoin420"
"cannacoin","True","http://www.cannacoin.tech/","True","https://github.com/cannacoin-project","cannacoin-projec",""
"cannation","True","http://www.cannationcoin.com/","False","","",""
"capricoin","True","http://capricoin.org/","False","","",""
"carboncoin","True","http://carboncoin.cc","True","https://github.com/carboncointrust/carboncoincore","carboncointrust","carboncoincore"
"cardano","True","https://www.cardanohub.org/","True","https://github.com/input-output-hk/cardano-sl/","input-output-hk","cardano-sl"
"cashcoin","True","https://cashcoin.cash/","False","","",""
"cashme","True","https://bitcointalk.org/index.php?topic=1165889.0","True","https://github.com/cryptonstudio","cryptonstudi",""
"casinocoin","True","http://casinocoin.org/","False","","",""
"catcoin","True","http://www.catcoins.org/","True","https://github.com/catcoinofficial/catcoinrelease","catcoinofficial","catcoinrelease"
"cbd-crystals","True","https://bitcointalk.org/index.php?topic=1652851.0","True","https://github.com/limxtec/bitsend/releases","limxtec","bitsend"
"centurion","True","http://www.centurionlab.org/","False","","",""
"chaincoin","True","http://www.chaincoin.org/","True","https://github.com/chaincoin/chaincoin/wiki","chaincoin","chaincoin"
"chancoin","True","https://chancoin.org/","True","https://github.com/chancoin-core/chancoin/releases","chancoin-core","chancoin"
"cheapcoin","True","https://bitcointalk.org/index.php?topic=1932016.0","True","https://github.com/cheapandcloud/chain","cheapandcloud","chain"
"chesscoin","True","http://chesscoinpro.com/","False","","",""
"chips","True","https://www.supernet.org/","True","https://github.com/supernetorg","supernetor",""
"chncoin","False","","","","",""
"chronos","True","http://chronos-coin.com/","False","","",""
"clams","True","http://clamcoin.org/","True","https://github.com/nochowderforyou/clams","nochowderforyou","clams"
"clinton","True","http://myclint.us/","False","","",""
"cloakcoin","True","https://www.cloakcoin.com/","True","https://github.com/cloakproject/2.0.2.1-wallets","cloakproject","2.0.2.1-wallets"
"clubcoin","True","http://clubcoin.co/","True","https://github.com/bitclubdev/clubcoin","bitclubdev","clubcoin"
"coinonat","True","http://www.coinonat.org/","True","https://github.com/coinonat/new","coinonat","new"
"coinonatx","True","http://coinonatx.com/","True","https://github.com/coinonat/coinonatx ","coinonat","coinonatx "
"colossuscoin-v2","True","http://colossuscoin.org","True","https://github.com/sudo23/infinitecoin-v2","sudo23","infinitecoin-v2"
"colossuscoinxt","True","https://colossuscoin.org/index.php/colx","True","https://github.com/sudo23/infinitecoin-v2","sudo23","infinitecoin-v2"
"comet","False","","","","",""
"compcoin","True","https://compcoin.com/","False","","",""
"compucoin","True","http://compucoin.org/","True","https://github.com/compucoin/compucoin-source-code","compucoin","compucoin-source-code"
"concoin","True","http://www.concoin.com/","True","https://github.com/concoin/concoin-master","concoin","concoin-master"
"condensate","True","http://condensate.co","True","https://github.com/obavijest/rain","obavijest","rain"
"corgicoin","True","https://corgicoinproofofstake.wordpress.com/","True","https://github.com/vashshawn/corgicoinv2/releases/download/v2.0.0/corgicoin-2.0.0-win32.zip","vashshawn","corgicoinv2"
"counterparty","True","http://counterparty.io/","True","https://github.com/counterpartyxcp","counterpartyxc",""
"coupecoin","True","http://www.coupecoin.com/","False","","",""
"crave","True","http://www.craveproject.com","False","","",""
"cream","True","https://creamcoin.com/","False","","",""
"creatio","False","","","","",""
"creativecoin","True","https://www.creativechain.org/","True","https://github.com/creativechain","creativechai",""
"credence-coin","True","http://www.credencepresale.com/","False","","",""
"crevacoin","True","http://www.crevacoin.com/","False","","",""
"crown","True","http://crown.tech/","True","https://github.com/crowndev/crowncoin","crowndev","crowncoin"
"crtcoin","True","http://crtcoin.com/","False","","",""
"cryptcoin","True","http://cryptco.org/","False","","",""
"crypto","True","http://tailflick.wix.com/official-crypto","False","","",""
"cryptocarbon","True","https://cryptocarbon.co.uk/","False","","",""
"cryptoescudo","False","","","","",""
"cryptojacks","True","http://cryptojacks.com/","True","https://github.com/cryptojacks/cryptojacks","cryptojacks","cryptojacks"
"cryptonex","True","https://cryptonex.org/","True","https://github.com/cryptonex","cryptone",""
"cryptonite","True","http://cryptonite.info","True","https://github.com/pallas1/cryptonite/","pallas1","cryptonite"
"cubits","True","http://qbt.scificrypto.info/","True","https://github.com/scificrypto/cubitsv3","scificrypto","cubitsv3"
"curecoin","True","https://curecoin.net/","True","https://github.com/cygnusxi/curecoinsource/releases/download/v1.9.4.1/curecoin-qt.exe","cygnusxi","curecoinsource"
"cybcsec","True","https://cybcsec.com/","True","https://github.com/cybcsec/cybcsec/releases/download/1.0.0.0g/cybcsec-win64.zip","cybcsec","cybcsec"
"cybercoin","True","http://www.cybercoin.space/","False","","",""
"cycling-coin","True","https://bitcointalk.org/index.php?topic=1117611.0","True","https://github.com/cyclingcoin/cyclingcoin","cyclingcoin","cyclingcoin"
"cyder","True","https://bitcointalk.org/index.php?topic=2097594.0","True","https://github.com/cyderenergy/cyder","cyderenergy","cyder"
"cypher","True","https://bitcointalk.org/index.php?topic=1006527.0","True","https://github.com/neworldorder/braveneworld","neworldorder","braveneworld"
"dappster","False","","","","",""
"darklisk","True","https://bitcointalk.org/index.php?topic=1431075.0","True","https://github.com/diskdev/disk","diskdev","disk"
"darsek","True","http://ked.scificrypto.info/","True","https://github.com/scificrypto/darsek","scificrypto","darsek"
"das","True","http://dascryptocash.org/","False","","",""
"dash","True","https://www.dash.org/","True","https://github.com/dashpay/dash","dashpay","dash"
"dashcoin","False","","","","",""
"dashs","True","http://dashscrypt.com/","False","","",""
"daxxcoin","True","https://daxxcoin.org/","False","","",""
"debitcoin","True","https://debitcoin.xyz/","True","https://github.com/debitcoin","debitcoi",""
"decent","True","https://decent.ch/","False","","",""
"decred","True","https://www.decred.org/","True","https://github.com/decred/decred-binaries/releases/download/v1.1.1/decrediton-1.1.1.dmg","decred","decred-binaries"
"deeponion","True","https://deeponion.org/","True","https://github.com/deeponion/deeponion","deeponion","deeponion"
"deltacredits","True","https://bitcointalk.org/index.php?topic=1155319.0","True","https://github.com/gladimor/deltacredits","gladimor","deltacredits"
"denarius","True","http://www.denarius.info","False","","",""
"desire","True","http://www.desire-crypto.com/","False","","",""
"destiny","True","https://bitcointalk.org/index.php?topic=1416068.0","True","https://github.com/destinyteam/mist/releases/download/4.2/expanse-wallet-win32-x64-0-4-2.zip","destinyteam","mist"
"deuscoin","True","http://deuscoin.org/","True","https://github.com/deuscoin-org","deuscoin-or",""
"deutsche-emark","True","http://deutsche-emark.de/","True","https://github.com/emarkproject/emark","emarkproject","emark"
"devcoin","True","http://devcoin.org","False","","",""
"dfscoin","True","http://dfscoins.com/","True","https://github.com/nicodfs/dfscoin","nicodfs","dfscoin"
"diamond","True","http://bit.diamonds","True","https://github.com/dmdcoin/diamond/releases","dmdcoin","diamond"
"digibyte","True","http://www.digibyte.io/","True","https://github.com/digibyte","digibyt",""
"digicube","True","http://www.freestaking.com","False","","",""
"digital-credits","True","http://dcredits.com/","False","","",""
"digital-rupees","False","","","","",""
"digitalcoin","True","http://digitalcoin.co","False","","",""
"digitalnote","True","http://digitalnote.org/","True","https://github.com/xdn-project","xdn-projec",""
"digitalprice","True","http://digitalprice.org/","True","https://github.com/digitalprice/digitalprice/releases/download/v2.0.0.1/digitalprice-qt-v2.0.0.1.zi","digitalprice","digitalprice"
"dimecoin","True","http://www.dimecoin.rocks/","True","https://github.com/peme0815/dimecoin","peme0815","dimecoin"
"dinastycoin","True","http://www.dinastycoin.com/","True","https://github.com/dinastyoffreedom/dinastycoin2.1.0.1/releases","dinastyoffreedom","dinastycoin2.1.0.1"
"dnotes","True","http://dnotescoin.com/","True","https://github.com/dnotescoin/dnotes/","dnotescoin","dnotes"
"dogecoin","True","http://dogecoin.com/","True","https://github.com/dogecoin/dogecoin","dogecoin","dogecoin"
"dollar-online","True","http://www.edollar.online/","True","https://github.com/dollar-online/dollar/releases/download/v1300/dollaronline-qt-win32-v1300.zip","dollar-online","dollar"
"dollarcoin","True","https://bitcointalk.org/index.php?topic=1589371.0","True","https://github.com/dollarcoins/source","dollarcoins","source"
"donationcoin","True","http://donationcoin.org/","True","https://github.com/donationcoin-project/donationcoin","donationcoin-project","donationcoin"
"dopecoin","True","http://www.dopecoin.com/","True","https://github.com/dopecoin-dev/dopecoingold","dopecoin-dev","dopecoingold"
"dotcoin","True","https://www.cryptopia.co.nz","False","","",""
"doubloon","True","http://doubloonboat.com/","False","","",""
"dpay","True","https://bitcointalk.org/index.php?topic=1614252.0","True","https://github.com/movementdao/whitepaper/blob/master/the%20movement%20dao%20whitepaper%20v1.pdf","movementdao","whitepaper"
"draftcoin","True","https://bitcointalk.org/index.php?topic=2144790.0","True","https://github.com/btcdraft/draftcoin","btcdraft","draftcoin"
"dreamcoin","True","http://dreamcoin.fi/","True","https://github.com/tsosunov/dreamcoin","tsosunov","dreamcoin"
"droxne","True","http://droxne.net/","False","","",""
"dubaicoin","False","","","","",""
"dubstep","True","https://bitcointalk.org/index.php?topic=1081671.0","True","https://github.com/dubsteproject/basscreator","dubsteproject","basscreator"
"dutch-coin","False","","","","",""
"dynamic","True","https://duality.solutions/","False","","",""
"e-coin","True","https://www.ecoinsource.com/","True","https://github.com/ecoinclub/ecoin","ecoinclub","ecoin"
"e-dinar-coin","True","https://edinarcoin.com/","False","","",""
"e-gulden","True","http://www.e-gulden.org","True","https://github.com/electronic-gulden-foundation/egulden'>software programmacode</a> als de <a href=","electronic-gulden-foundation","egulden'>software programmacode<"
"earthcoin","False","","","","",""
"ebittree-coin","True","https://www.ebittree.com/","False","","",""
"ecocoin","True","http://www.ecocoin.us/","False","","",""
"edrcoin","False","","","","",""
"eggcoin","True","https://bitcointalk.org/index.php?topic=1013555.0","True","https://github.com/eastercoindev/eggcoin","eastercoindev","eggcoin"
"ego","True","https://bitcointalk.org/index.php?topic=1631176.0","True","https://github.com/limxtec/bitsend/releases","limxtec","bitsend"
"einsteinium","True","https://www.emc2.foundation/","True","https://github.com/emc2foundation/einsteinium","emc2foundation","einsteinium"
"elacoin","True","http://elc.22web.org/","False","","",""
"elastic","True","https://www.elastic.pw/","True","https://github.com/elastic-coin/elastic-pl/blob/master/readme.md","elastic-coin","elastic-pl"
"elcoin","False","","","","",""
"electra","True","https://electraproject.org/","False","","",""
"electroneum","True","http://electroneum.com/","False","","",""
"elementrem","True","http://www.elementrem.org/","False","","",""
"ellaism","True","https://ellaism.com/","True","https://github.com/ellaism","ellais",""
"elysium","True","https://bitcointalk.org/index.php?topic=1777414.0","True","https://github.com/findblocks/elysium","findblocks","elysium"
"embercoin","True","https://www.embercoin.io/","True","https://github.com/embercoin/ember/releases","embercoin","ember"
"emercoin","True","http://emercoin.com/","False","","",""
"emoneypower","True","http://coinmoney.co/","True","https://github.com/emoneypower/emoneypower-master","emoneypower","emoneypower-master"
"energycoin","True","https://energycoin.eu/","False","","",""
"enigma","True","http://www.enigmacoin.exnet.su/","True","https://github.com/teamintellect/enigmacoin/raw/master/release/windows/enigmacoin-qt.7z","teamintellect","enigmacoin"
"environ","True","https://bitcointalk.org/index.php?topic=1929166","True","https://github.com/environcoin/environproject","environcoin","environproject"
"equitrader","True","http://www.equitrader.co/","True","https://github.com/equitrader/equitrade","equitrader","equitrade"
"eryllium","True","https://eryllium.com/","True","https://github.com/eryllium/wallet/blob/master/eryllium-win.zip","eryllium","wallet"
"espers","True","http://espers.io/","True","https://github.com/cryptocoderz/espers","cryptocoderz","espers"
"eternity","True","http://ent.eternity-group.org/","True","https://github.com/eternity-group/eternity/releases/download/v0.12.1.6/eternitycore-0.12.1-win64.zi","eternity-group","eternity"
"ethereum-classic","True","https://ethereumclassic.github.io/","True","https://github.com/ethereumclassic/faq","ethereumclassic","faq"
"ethereum-dark","True","https://www.ethereumdark.net/","False","","",""
"ethereum","True","https://www.ethereum.org/","True","https://github.com/ethereum/mist/releases/download/v0.9.2/mist-macosx-0-9-2.dmg","ethereum","mist"
"eurocoin","True","http://eurocoin-euc.com/","True","https://github.com/scriptexpert/eurocoin","scriptexpert","eurocoin"
"europecoin","True","https://www.europecoin.eu.org","True","https://github.com/limxtec/europecoin-v3/releases","limxtec","europecoin-v3"
"evergreencoin","True","http://evergreencoin.org/","True","https://github.com/evergreencoindev/evergreencoin/archive/v1.6.0.1.zip","evergreencoindev","evergreencoin"
"evil-coin","True","http://evilcoin.xyz/","True","https://github.com/coins4lunch/evilcoin/releases","coins4lunch","evilcoin"
"evotion","True","http://evotion.info/","True","https://github.com/evoshiun/evotion","evoshiun","evotion"
"excelcoin","True","https://www.exceltoken.com/wallet/coin.php?coin_id=6","False","","",""
"exclusivecoin","True","http://exclusivecoin.pw","True","https://github.com/exclfork/exclusivecoin/releases","exclfork","exclusivecoin"
"expanse","True","http://www.expanse.tech/","True","https://github.com/expanse-org/exr-dapp/raw/master/app/public/img/exr_logo.png","expanse-org","exr-dapp"
"factom","True","http://factom.org/","False","","",""
"faircoin","True","http://fair-coin.org/","True","https://github.com/faircoin","faircoi",""
"falcoin","True","http://falcoin.info/","True","https://github.com/falconcoin/falcoin","falconcoin","falcoin"
"fantomcoin","True","http://fantomcoin.org/","True","https://github.com/amphibia/fantomcoin","amphibia","fantomcoin"
"fargocoin","True","https://fargocoin.org/","True","https://github.com/fargocoin","fargocoi",""
"fastcoin","True","http://www.fastcoin.ca/","False","","",""
"fazzcoin","False","","","","",""
"feathercoin","True","http://feathercoin.com","True","https://github.com/feathercoin/feathercoin/releases/download/v0.9.6.1/feathercoin-0.9.6.1-win64-set","feathercoin","feathercoin"
"fedoracoin","True","http://fedoraco.in/","False","","",""
"fimkrypto","True","http://fimk.fi/","True","https://github.com/fimkrypto/mofowallet/releases","fimkrypto","mofowallet"
"fincoin","True","http://fincoin.co/","True","https://github.com/fincoinltd/fnc/blob/master/fincoin-update.zip","fincoinltd","fnc"
"firecoin","True","https://bitcointalk.org/index.php?topic=972809.0","True","https://github.com/techcoincommunity/firecoin/releases","techcoincommunity","firecoin"
"fireflycoin","True","https://cryptocointalk.com/topic/1450-fireflycoin-ffc-information/","True","https://github.com/fireflycoin/fireflycoin\u00a0sample fireflycoin.conf\n\nrpcuser=fireflycoin\nrpc","fireflycoin","fireflycoin"
"first-bitcoin","True","http://bitcoincapitalcorp.com/","False","","",""
"firstcoin","True","http://firstcoinproject.com/","False","","",""
"flappycoin","True","https://flappycoins.wordpress.com/","False","","",""
"flash","True","https://flashcoin.io/","True","https://github.com/flashcoin-io/","flashcoin-io",""
"flavorcoin","True","http://www.flavorcoinradio.com/","False","","",""
"flaxscript","True","http://flaxscript.org","True","https://github.com/phatkiller/windows-clients/tree/master/flaxscript-1.1.2","phatkiller","windows-clients"
"florincoin","False","","","","",""
"fluttercoin","True","http://www.fluttercoin.me/","True","https://github.com/ofeefee/fluttercoin","ofeefee","fluttercoin"
"flycoin","True","https://bitcointalk.org/index.php?topic=1154550.0","True","https://github.com/coinprojects/fly-coin","coinprojects","fly-coin"
"fonziecoin","True","https://bitcointalk.org/index.php?topic=979296.0","True","https://github.com/fonziecoin/fonzie/blob/master/readme.md","fonziecoin","fonzie"
"footy-cash","True","http://footycash.com/","True","https://github.com/footycash/footycashv2/releases/","footycash","footycashv2"
"force","True","https://forcecoin.io/","True","https://github.com/forceunited/force","forceunited","force"
"francs","True","http://www.francs.paris/","True","https://github.com/frn-crypto","frn-crypt",""
"franko","True","http://frankos.org","False","","",""
"frankywillcoin","True","https://bitcointalk.org/index.php?topic=2218168.0","True","https://github.com/swarmfund","swarmfun",""
"frazcoin","False","","","","",""
"freicoin","True","http://freico.in","True","https://github.com/freicoin/freicoin/archive/v0.8.6-2.zip","freicoin","freicoin"
"fuelcoin","True","http://www.fuelcoin.org/","True","https://github.com/fuelcointwo/fuelcoin/releases/download/1.0.1.3/fuelcoin-qt.exe","fuelcointwo","fuelcoin"
"fujicoin","True","http://www.fujicoin.org/","True","https://github.com/satoshilabs/slips/blob/master/slip-0044.md","satoshilabs","slips"
"futcoin","True","http://fut-coin.com/","False","","",""
"fuzzballs","True","http://www.fyi-koerier.nl/fuzzballs.htm","False","","",""
"gaia","True","http://gaiaplatform.com/","False","","",""
"gambit","True","http://www.gambitcrypto.com","True","https://github.com/collincrypto/gambitcrypto/releases/tag/v1.1","collincrypto","gambitcrypto"
"gamebet-coin","False","","","","",""
"gamecredits","True","http://gamecredits.com","False","","",""
"gameleaguecoin","True","https://bitcointalk.org/index.php?topic=595779.0","True","https://github.com/gameleague/gameleaguecoin","gameleague","gameleaguecoin"
"gameunits","True","http://gameunits.org/","True","https://github.com/gameunits/gameunits","gameunits","gameunits"
"ganjacoin","True","https://www.ganjacoinpro.com/","False","","",""
"gapcoin","True","http://gapcoin.org","True","https://github.com/gapcoin","gapcoi",""
"gbcgoldcoin","True","http://gbcgoldcoin.org/","False","","",""
"gcoin","True","https://gcn.zone","False","","",""
"geertcoin","True","https://bitcointalk.org/index.php?topic=1789401.0","True","https://github.com/geertaltcoin/geertcoin","geertaltcoin","geertcoin"
"geocoin","True","http://geocoin.cash/","False","","",""
"geysercoin","True","http://geysercoin.com/","True","https://github.com/geysercoin/geysercoin","geysercoin","geysercoin"
"global-tour-coin","True","http://www.gtccoinclub.com/","False","","",""
"globalboost-y","True","http://globalboost-y.com/","True","https://github.com/bitcoines/cpuminer-yescrypt","bitcoines","cpuminer-yescrypt"
"globalcoin","True","http://www.globalcoin.info/","False","","",""
"globaltoken","True","http://globaltoken.org/","True","https://github.com/globaltoken/globaltoken","globaltoken","globaltoken"
"goldblocks","True","http://goldblocks.eu/","True","https://github.com/goldblockscoin","goldblockscoi",""
"goldcoin","True","http://www.gldcoin.com","False","","",""
"goldmaxcoin","True","http://gmxcoin.org/","False","","",""
"goldpieces","True","http://goldpieces.net/","False","","",""
"goldreserve","True","http://www.goldreservecoin.com/","False","","",""
"golfcoin","True","https://bitcointalk.org/index.php?topic=1608804.0","False","","",""
"golos-gold","True","https://golos.io/","False","","",""
"golos","True","https://golos.io/","False","","",""
"gpu-coin","True","http://gpucoin.usedgpus.com/","False","","",""
"grantcoin","True","http://www.grantcoin.org/","False","","",""
"greencoin","True","http://www.grcoin.com/","True","https://github.com/greencoin-dev/greencoinv2","greencoin-dev","greencoinv2"
"gridcoin","True","http://www.gridcoin.us/","True","https://github.com/grctest/gridcoin-site/graphs/contributors","grctest","gridcoin-site"
"grimcoin","True","http://grim.reaper.rocks/","False","","",""
"groestlcoin","True","http://www.groestlcoin.org/","False","","",""
"guccionecoin","True","https://guccionecoin.wordpress.com/","True","https://github.com/guccionecoin/gcc","guccionecoin","gcc"
"gulden","True","https://gulden.com/","False","","",""
"gulfcoin","True","https://www.mygulfcoin.com/","False","","",""
"guncoin","True","http://www.guncoin.info/","False","","",""
"gxshares","True","https://gxs.gxb.io/","True","https://github.com/gxchain/whitepaper/blob/master/zh/whitepaper.md","gxchain","whitepaper"
"halcyon","True","http://halcyon.top/","True","https://github.com/ghostlander/halcyon/releases/download/v1.1.0.2-hal/halcyon-win-1.1.0.2.zip","ghostlander","halcyon"
"halloween-coin","True","https://bitcointalk.org/index.php?topic=1867413.0","True","https://github.com/hesdeadjim/halloweencoinfinal","hesdeadjim","halloweencoinfinal"
"happycoin","True","http://happycointech.org/","True","https://github.com/happycoinmaster/happycoin","happycoinmaster","happycoin"
"harmonycoin","True","https://bitcointalk.org/index.php?topic=639835","True","https://github.com/fernand0x/thenet","fernand0x","thenet"
"healthywormcoin","True","http://healthyworm.com/","False","","",""
"helleniccoin","True","http://www.helleniccoin.gr/","False","","",""
"hempcoin","True","http://hempcoin.org/","True","https://github.com/hempcoin-project/thc","hempcoin-project","thc"
"hexx","True","https://bitcointalk.org/index.php?topic=1171724.0","True","https://github.com/hexxcointakeover/hexxcoin","hexxcointakeover","hexxcoin"
"hicoin","True","http://xhicoin.com/","False","","",""
"high-gain","True","https://bitcointalk.org/index.php?topic=2213950","True","https://github.com/highgainqubit/highgain","highgainqubit","highgain"
"high-voltage","True","http://www.highvoltagecoin.tech/","False","","",""
"hitcoin","True","http://hitcoininfo.com/","True","https://github.com/tradopia/hitcoinwallet","tradopia","hitcoinwallet"
"hobonickels","True","http://hobonickels.info/","True","https://github.com/tranz5/hobonickels/releases/latest","tranz5","hobonickels"
"hodlcoin","True","http://hodlcoin.com","True","https://github.com/hodlcoin/hodlcoin","hodlcoin","hodlcoin"
"honey","False","","","","",""
"hshare","True","https://h.cash/","True","https://github.com/hcashorg/hshare/releases/download/v2.1.0.0/hshare-osx-2.1.0.0.zip","hcashorg","hshare"
"htmlcoin","True","http://www.htmlcoin.com","False","","",""
"huncoin","True","http://huncoin.org/","True","https://github.com/huncoin/huncoin","huncoin","huncoin"
"huntercoin","True","http://huntercoin.org/","False","","",""
"hush","True","https://myhush.org/","False","","",""
"hyper","True","http://hypercrypto.com/","False","","",""
"hyperstake","True","http://hyperstake.io/","True","https://github.com/hyperstake/hyperstake","hyperstake","hyperstake"
"i0coin","True","http://izerocoin.org","False","","",""
"ibank","True","https://bitcointalk.org/index.php?topic=1542789.0","True","https://github.com/ibankgroup/ibank","ibankgroup","ibank"
"icobid","True","http://icobidplatform.net/","False","","",""
"icoin","True","http://www.icoin.world/","False","","",""
"iconic","True","http://iconicproject.com/","True","https://github.com/iconictoken/iconic","iconictoken","iconic"
"impact","True","http://impact-coin.com/","False","","",""
"impulsecoin","False","","","","",""
"incakoin","True","http://incakoin.info/","True","https://github.com/madross/incakoin-new/releases/tag/v.1.5.1.0","madross","incakoin-new"
"india-coin","False","","","","",""
"infinitecoin","True","http://www.infiniteco.in","True","https://github.com/infinitecoin/infinitecoin","infinitecoin","infinitecoin"
"inflationcoin","True","http://inflationcoin.org/","True","https://github.com/inflationcoin/inflationcoin target=","inflationcoin","inflationcoin target="
"influxcoin","True","http://influxcoin.xyz/","False","","",""
"innova","True","http://innovacoin.info/","True","https://github.com/innovacoin/innova/releases","innovacoin","innova"
"insanecoin","True","http://insanecoin.com/","False","","",""
"interzone","True","https://interzone.space/","True","https://github.com/projectinterzone/windows-client/archive/master.zip","projectinterzone","windows-client"
"invisiblecoin","True","https://bitcointalk.org/index.php?topic=1204574.0","True","https://github.com/ivzdev/invisiblecoin","ivzdev","invisiblecoin"
"ion","True","https://ionomy.com/","False","","",""
"iota","True","https://iota.org/","True","https://github.com/iotaledger","iotaledge",""
"irishcoin","True","http://irishcoin.org/","False","","",""
"islacoin","True","http://www.islacoin.net/","False","","",""
"iticoin","True","http://iticoin.com/","True","https://github.com/sppl/iti","sppl","iti"
"ixcoin","True","https://www.ixcoin.net/","False","","",""
"jewels","True","http://jewelsproject.com/","False","","",""
"jin-coin","True","http://jin-coin.info/","False","","",""
"jobscoin","False","","","","",""
"joincoin","True","https://bitcointalk.org/index.php?topic=737405.0","True","https://github.com/joincoin/joincoin","joincoin","joincoin"
"joulecoin","True","http://www.jouleco.in/","True","https://github.com/joulecoin/joulecoin/releases/download/v0.9.2.6/joulecoin-0.9.2.6-win32.zip","joulecoin","joulecoin"
"karbowanec","True","http://karbowanec.com/","True","https://github.com/seredat/karbowanec","seredat","karbowanec"
"karmacoin","True","http://www.givekarma.net/","True","https://github.com/karmateam/karma","karmateam","karma"
"kashhcoin","True","http://www.kashhcoin.com/","True","https://github.com/cashhcointech/kashhcoin","cashhcointech","kashhcoin"
"kayicoin","True","https://www.xn--kay-lua.net/","False","","",""
"kekcoin","True","http://kekcoin.co/","True","https://github.com/kekcoin-core","kekcoin-cor",""
"kibicoin","True","http://www.kibicoin.org/","False","","",""
"kilocoin","True","http://kilocoin.com/","False","","",""
"kingn-coin","True","http://kingncoin.com/","True","https://github.com/ulandort/kingncoin-source","ulandort","kingncoin-source"
"kittehcoin","True","https://kittehcoin.info/","True","https://github.com/kittehcoin/kittehcoin","kittehcoin","kittehcoin"
"kobocoin","True","http://kobocoin.com","False","","",""
"komodo","True","https://komodoplatform.com/","True","https://github.com/supernetorg","supernetor",""
"kronecoin","True","https://bitcointalk.org/index.php?topic=2068475.0","True","https://github.com/kronecoin","kronecoi",""
"kucoin-shares","True","https://www.kucoin.com/","False","","",""
"kurrent","True","http://kurrentproject.com/","False","","",""
"kushcoin","True","https://kushcoin.co","True","https://github.com/kushcoin-project/kushcoin","kushcoin-project","kushcoin"
"lanacoin","True","https://lanacoin.com/","True","https://github.com/lanacoin/lanacoin/releases","lanacoin","lanacoin"
"landcoin","True","http://landcoin.co/","False","","",""
"lathaan","False","","","","",""
"lazaruscoin","True","http://lazaruscoin.com/","False","","",""
"leacoin","True","https://bitcointalk.org/index.php?topic=1006917","True","https://github.com/leacoin/leacoin","leacoin","leacoin"
"leocoin","True","http://www.leocoin.org/","False","","",""
"lepen","True","https://bitcoingarden.org/forum/index.php?topic=12135.0","True","https://github.com/lepencoin/lepencoin","lepencoin","lepencoin"
"letitride","True","http://www.letitri.de/","False","","",""
"leviarcoin","True","https://leviarcoin.org/","True","https://github.com/leviarcoin/leviarcoin-src","leviarcoin","leviarcoin-src"
"levoplus","True","http://levoplus.com/","False","","",""
"linda","True","http://lindacoin.com/","False","","",""
"linkedcoin","True","https://www.linkedcoin.com/","False","","",""
"linx","True","https://mylinx.io/","True","https://github.com/linx-project/linx","linx-project","linx"
"lisk","True","https://lisk.io/","True","https://github.com/liskhq","liskh",""
"litebar","True","http://litebar.co/","True","https://github.com/crypto-currency/litebar/","crypto-currency","litebar"
"litebitcoin","True","http://www.lbtc.info/","True","https://github.com/litecoin-project/litecoin/tree/v0.14.2.<br> <br> added new re-target algorithm f","litecoin-project","litecoin"
"litecoin-plus","True","http://litecoinplus.co","True","https://github.com/crypto-currency/litecoinplus","crypto-currency","litecoinplus"
"litecoin-ultra","True","http://www.litecoinultra.com/","False","","",""
"litecoin","True","https://litecoin.com","False","","",""
"litecred","True","http://litecred.com/","False","","",""
"litedoge","True","http://www.ldoge.tech/","False","","",""
"lomocoin","True","http://www.lomostar.com/","False","","",""
"lottocoin","True","http://lottocoin.org/","False","","",""
"luckchain","True","http://luckchain.org/","True","https://github.com/luckbash/bash","luckbash","bash"
"luna-coin","False","","","","",""
"luxcoin","False","","","","",""
"lykke","True","https://lykke.com","True","https://github.com/lykkecity/","lykkecity",""
"machinecoin","True","http://www.machinecoin.org","True","https://github.com/machinecoin-project/machinecoin-core/releases/download/v0.14.0/machinecoin-0.14.","machinecoin-project","machinecoin-core"
"macron","True","https://bitcointalk.org/index.php?topic=1840661.0","True","https://github.com/macroncoin/macron","macroncoin","macron"
"magi","True","http://coinmagi.org/","True","https://github.com/magi-project/magi","magi-project","magi"
"magnetcoin","True","https://magnetcoin.net/","True","https://github.com/magnetcoindev/magnetcoin","magnetcoindev","magnetcoin"
"magnum","True","https://www.mgmcoin.org/","False","","",""
"mantracoin","True","https://mantracoin.org/","False","","",""
"mao-zedong","True","https://bitcointalk.org/index.php?topic=1970439.0","True","https://github.com/mao-zedongx/mao-zedong/","mao-zedongx","mao-zedong"
"marijuanacoin","True","https://marijuanacoin.net","True","https://github.com/marijuanacoin-official/marijuanacoin/releases","marijuanacoin-official","marijuanacoin"
"marscoin","True","http://marscoin.org/","True","https://github.com/marscoin","marscoi",""
"martexcoin","True","http://martexcoin.org/","True","https://github.com/martexcoin/martexcoin","martexcoin","martexcoin"
"marxcoin","True","https://www.marxcoin.com/","False","","",""
"master-swiscoin","True","https://www.swisopensource.com/","True","https://github.com/scnpay/swiscoin-master","scnpay","swiscoin-master"
"masternodecoin","True","http://www.masternodecoin.org/","True","https://github.com/masternodecoin/masternodecoin","masternodecoin","masternodecoin"
"mavro","True","http://mavro.org/","False","","",""
"maxcoin","True","https://www.maxcoin.co.uk/","True","https://github.com/orgs/max-coin/people","orgs","max-coin"
"mazacoin","False","","","","",""
"megacoin","True","https://www.megacoin.eu/","True","https://github.com/limxtec/megacoin/releases/tag/0.10.3.2","limxtec","megacoin"
"memetic","True","https://memetic.ai/","False","","",""
"mergecoin","True","http://www.mergecoin.com/","True","https://github.com/mergecoin-project/mergecoin-master/archive/v2.1.8.0.tar.gz","mergecoin-project","mergecoin-master"
"metal-music-coin","True","http://metalmusiccoin.pw/","False","","",""
"metalcoin","True","http://www.metalmoshpit.com/","False","","",""
"microcoin","True","http://microcoin.alcurex.info/","False","","",""
"milocoin","False","","","","",""
"mincoin","True","https://www.mincoin.us/","True","https://github.com/mincoin","mincoi",""
"mindcoin","False","","","","",""
"mineum","True","https://mineum.org/","False","","",""
"minexcoin","True","https://minexcoin.com/","True","https://github.com/minexcoin/minexcoin","minexcoin","minexcoin"
"mintcoin","True","http://www.mintcoinofficial.com","True","https://github.com/mintcoincommunity/mintcoin-desktop-wallet/releases","mintcoincommunity","mintcoin-desktop-wallet"
"mmxvi","True","https://bitcointalk.org/index.php?topic=1361482.0","True","https://github.com/coin2016/mmxvi","coin2016","mmxvi"
"mobilecash","True","http://www.mbl.cash/","False","","",""
"moin","True","https://discovermoin.com/","True","https://github.com/moin/moin/releases/latest","moin","moin"
"mojocoin","True","https://mojocoin.org/","True","https://github.com/mojov3/mojocoin/releases/download/v.3.0.0.5/mojocoin-qt-win-v3.0.0.5.zip","mojov3","mojocoin"
"monacocoin","True","http://www.monacocoin.net/","True","https://github.com/monacocoin-net/monacocoin-core/releases","monacocoin-net","monacocoin-core"
"monacoin","True","http://monacoin.org","True","https://github.com/monacoinproject/monacoin/releases/download/monacoin-0.14.2/monacoin-0.14.2-win64","monacoinproject","monacoin"
"monero","True","http://www.monero.cc","True","https://github.com/monero-project/meta/blob/master/vulnerability_response_process.md","monero-project","meta"
"moneta","True","https://bitcointalk.org/index.php?topic=737548.0","True","https://github.com/crypto2/moneta","crypto2","moneta"
"monetaryunit","True","http://www.monetaryunit.org","True","https://github.com/muecoin/muecore/releases","muecoin","muecore"
"money","True","http://moneyfoundation.github.io/moneypage/index.html","True","https://github.com/moneyfoundation/moneywallets/raw/master/windows/money-qt.zip","moneyfoundation","moneywallets"
"moneycoin","True","http://moneycoin.pw/","False","","",""
"mooncoin","True","http://mooncoin.com/","True","https://github.com/mooncoindev/moonaudit","mooncoindev","moonaudit"
"motocoin","True","http://motocoin.org/","False","","",""
"msd","True","https://mymsdspace.com/","False","","",""
"musicoin","True","https://www.musicoin.org/","False","","",""
"mustangcoin","True","https://bitcointalk.org/index.php?topic=1609008.0","True","https://github.com/mustangcoin/mst-v3","mustangcoin","mst-v3"
"myriad","True","http://myriadcoin.org/","False","","",""
"namecoin","True","https://www.namecoin.org/","True","https://github.com/namecoin/meta/blob/master/roadmap.md","namecoin","meta"
"namocoin","True","http://namocoin.co.in/","True","https://github.com/namocoin/namocoin","namocoin","namocoin"
"nav-coin","True","http://www.navcoin.org/","True","https://github.com/furze","furz",""
"neblio","True","https://nebl.io/","False","","",""
"nem","True","http://nem.io","True","https://github.com/nemproject","nemprojec",""
"neo","True","https://neo.org/","True","https://github.com/neo-project","neo-projec",""
"neoscoin","True","http://www.neoscoin.com","True","https://github.com/neoscoin/neos-core","neoscoin","neos-core"
"netbit","True","https://bitcointalk.org/index.php?topic=1675290.0","True","https://github.com/netbit-official/netbit-windows","netbit-official","netbit-windows"
"netcoin","True","http://netcoin.io","False","","",""
"netko","True","http://netko.tech/","True","https://github.com/netkotech/netko/releases/tag/v1.0.0.1","netkotech","netko"
"neuro","True","http://neurocoin.org/","False","","",""
"neutron","True","http://www.neutroncoin.com/","True","https://github.com/neutroncoin/neutron/releases/download/v1.1.3/neutron-qt_v1.1.3_win32.exe","neutroncoin","neutron"
"nevacoin","True","https://nevacoin.net/","True","https://github.com/nevacoin/nevacoin/releases","nevacoin","nevacoin"
"newyorkcoin","True","http://nycoin.net/","True","https://github.com/nycoin/nycoin","nycoin","nycoin"
"nexus","True","http://www.nexusearth.com/","True","https://github.com/nexusoft/nexus","nexusoft","nexus"
"noblecoin","True","https://www.noblemovement.com","False","","",""
"nodecoin","True","https://bitcointalk.org/index.php?topic=1692502.0","True","https://github.com/nodecoins/release","nodecoins","release"
"nolimitcoin","True","http://www.nolimitcoin.org/","True","https://github.com/nolimitcoin","nolimitcoi",""
"novacoin","True","http://novacoin.org","True","https://github.com/novacoin-project/novacoin/wiki","novacoin-project","novacoin"
"nubits","True","https://www.nubits.com","False","","",""
"nxt","True","https://nxt.org/","False","","",""
"nyancoin","True","https://www.nyancoin.info/","False","","",""
"obsidian","True","https://obsidianplatform.com","True","https://github.com/obsidianproject/obsidian-qt/releases","obsidianproject","obsidian-qt"
"ocow","True","http://ocow.ga/","False","","",""
"octocoin","False","","","","",""
"okcash","True","http://okcash.co","False","","",""
"omicron","False","","","","",""
"omni","True","http://www.omnilayer.org/","True","https://github.com/omnilayer/spec","omnilayer","spec"
"onix","True","http://www.onixcoin.com/","False","","",""
"opal","True","http://www.opal-coin.com","True","https://github.com/opalcoin/opalcoin","opalcoin","opalcoin"
"operand","False","","","","",""
"opescoin","True","https://bitcointalk.org/index.php?topic=1300008.0","True","https://github.com/opescoin/opes","opescoin","opes"
"orbitcoin","True","http://orbitcoin.org/","False","","",""
"orlycoin","True","http://www.orlycoin.com/","True","https://github.com/orlycoin/orlycoin","orlycoin","orlycoin"
"osmiumcoin","True","https://bitcointalk.org/index.php?topic=1201395.0","True","https://github.com/os76/osmiumcoin_os76","os76","osmiumcoin_os76"
"oxycoin","True","https://oxycoin.io/","True","https://github.com/oxycoin/","oxycoin",""
"p7coin","True","https://bitcointalk.org/index.php?topic=1022103.0","False","","",""
"paccoin","True","http://paccoin.net/","False","","",""
"pakcoin","True","http://www.pakcoin.io/","False","","",""
"parallelcoin","True","http://parallelcoin.info/","True","https://github.com/marcetin/parallelcoin","marcetin","parallelcoin"
"parkbyte","False","","","","",""
"particl","True","http://particl.io/","True","https://github.com/particl/whitepaper/blob/master/decentralized-private-marketplace-draft-0.1.pdf","particl","whitepaper"
"pascal-coin","True","http://www.pascalcoin.org/","True","https://github.com/pascalcoin/pascalcoin/releases/tag/2.1.2","pascalcoin","pascalcoin"
"pascal-lite","True","https://pascallite.com/","True","https://github.com/pascallite/wallet/releases","pascallite","wallet"
"paycoin","True","http://www.paycoin.co/","False","","",""
"paycon","False","","","","",""
"paypeer","True","http://www.paypeer.pw/","False","","",""
"peacecoin","True","https://www.blockexperts.com/pec","False","","",""
"peepcoin","True","https://bitcointalk.org/index.php?topic=1628121.0","True","https://github.com/movementdao/whitepaper/blob/master/the%20movement%20dao%20whitepaper%20v1.pdf","movementdao","whitepaper"
"peercoin","True","http://www.peercoin.net","True","https://github.com/peercoin","peercoi",""
"peerplays","True","http://www.peerplays.com/","True","https://github.com/pbsa/peerplays-core-gui/releases","pbsa","peerplays-core-gui"
"peoplecoin","True","https://www.peoplecoin.pw/","True","https://github.com/peopleproject/people/releases/download/1.0.1.1/people.win.x86.zip","peopleproject","people"
"pesetacoin","True","http://pesetacoin.info/","True","https://github.com/fundacionpesetacoin/","fundacionpesetacoin",""
"pesobit","True","http://www.pesobit.net/","True","https://github.com/pesobitph/","pesobitph",""
"petrodollar","True","http://petrodollar.org/","False","","",""
"phoenixcoin","True","http://phoenixcoin.org/","True","https://github.com/ghostlander/phoenixcoin","ghostlander","phoenixcoin"
"phore","True","https://phore.io/","True","https://github.com/phoreproject/phore/","phoreproject","phore"
"photon","True","https://bitcointalk.org/index.php?topic=478136.0","True","https://github.com/photonproject/photon/releases/tag/0.8.9.6a5","photonproject","photon"
"picoin","True","http://picoin.club/","False","","",""
"piecoin","True","http://www.piecoin.info/","True","https://github.com/alangmotor/pie","alangmotor","pie"
"piggycoin","True","http://piggy-coin.com/","True","https://github.com/piggycoin/newpiggycoin","piggycoin","newpiggycoin"
"pinkcoin","True","http://getstarted.with.pink/","True","https://github.com/pinkdev/pink2","pinkdev","pink2"
"pinkdog","False","","","","",""
"pirate-blocks","True","https://bitcoingarden.org/forum/index.php?topic=15175","True","https://github.com/pirateblocks","pirateblock",""
"pirl","True","https://pirl.io/","True","https://github.com/pirl/pirl","pirl","pirl"
"pivx","True","http://www.pivx.org","True","https://github.com/pivx-project","pivx-projec",""
"pizzacoin","False","","","","",""
"platinumbar","True","http://platinumbar.io","True","https://github.com/xptx","xpt",""
"playercoin","True","http://www.playercoin.world/","False","","",""
"plncoin","True","http://www.plncoin.org/","True","https://github.com/plncoin/plncoin_core","plncoin","plncoin_core"
"pokecoin","True","https://bitcointalk.org/index.php?topic=1568520.0","True","https://github.com/pokecoindev/pokecoin","pokecoindev","pokecoin"
"ponzicoin","True","https://bitcointalk.org/index.php?topic=1468142.0","True","https://github.com/tillkoeln/s.c.a.m","tillkoeln","s.c.a.m"
"popularcoin","False","","","","",""
"posex","True","https://bitcointalk.org/index.php?topic=1365761.0","True","https://github.com/posex/posex","posex","posex"
"postcoin","True","https://postcoin.top/","True","https://github.com/postcoindevelopers/postcoin/releases/download/v1.0.2.0/postcoin-qt.zip","postcoindevelopers","postcoin"
"posw-coin","True","https://posw.io/","False","","",""
"potcoin","True","http://www.potcoin.com/","False","","",""
"powercoin","True","http://powercoin.pw/","False","","",""
"prcoin","True","https://prcoin.io/","False","","",""
"prime-xi","True","http://prime-xi.com","False","","",""
"primecoin","True","http://primecoin.io/","True","https://github.com/primecoin/primecoin/wiki","primecoin","primecoin"
"primulon","False","","","","",""
"printerium","True","http://printerium.info/","False","","",""
"prismchain","True","https://bitcointalk.org/index.php?topic=1398402.0","False","","",""
"prizm","True","http://en.prizm.club/","False","","",""
"procurrency","True","https://www.procommerce.io/","True","https://github.com/procommerce-io","procommerce-i",""
"project-x","True","https://bitcointalk.org/index.php?topic=1850419.0","True","https://github.com/tillkoeln/x/releases/download/0.9.3/project-x-zendesk-qt.exe","tillkoeln","x"
"protean","True","http://www.proteania.com/","False","","",""
"prototanium","True","http://prototanium.uno/","False","","",""
"psilocybin","True","https://bitcointalk.org/index.php?topic=1071640.0","True","https://github.com/psilocybincoin/psilocybincoin/releases/tag/v1.0.0.0","psilocybincoin","psilocybincoin"
"pulse","True","http://pulseproject.pw/","False","","",""
"pura","True","http://www.pura.one/","True","https://github.com/puracore/pura/releases","puracore","pura"
"pure","True","https://purealt.org/","True","https://github.com/puredev321/pure/releases","puredev321","pure"
"purevidz","True","http://purevidz.net/","False","","",""
"putincoin","True","https://putincoin.org","False","","",""
"px","True","https://bitcointalk.org/index.php?topic=1571151","True","https://github.com/igotspots/px","igotspots","px"
"qora","False","","","","",""
"qtum","True","https://qtum.org/","True","https://github.com/qtumproject/qtum/releases","qtumproject","qtum"
"quark","True","http://quark.cc/","True","https://github.com/quark-project/quark/releases/tag/v0.10.4.5","quark-project","quark"
"quatloo","True","http://quatloos.org","True","https://github.com/quatloos/quatloo","quatloos","quatloo"
"quazarcoin","True","http://chainradar.com/qcn/blocks","False","","",""
"qubitcoin","True","https://qubitcoin.cc/","True","https://github.com/willowrose/qubitcoin/releases/download/v0.11.2.2/q2c-0.11.2.2-win32.zip","willowrose","qubitcoin"
"quebecoin","True","http://quebeco.in","True","https://github.com/morinpa/qbc","morinpa","qbc"
"quotient","True","https://bitcointalk.org/index.php?topic=1766310.0","True","https://github.com/cedricprofit/quotient","cedricprofit","quotient"
"rabbitcoin","True","http://rabbitco.in","False","","",""
"radium","True","https://radiumcore.org/","True","https://github.com/radiumcore/radium","radiumcore","radium"
"raiblocks","True","https://raiblocks.net/","True","https://github.com/clemahieu/raiblocks","clemahieu","raiblocks"
"ratecoin","True","https://stakeminers.com/ratecoin/ratecoin.html","False","","",""
"rawcoin","True","https://bitcointalk.org/index.php?topic=737790.0","True","https://github.com/rawcoincomm/rawcoin","rawcoincomm","rawcoin"
"rcoin","True","http://www.rcoineu.com/","False","","",""
"redcoin","True","http://redcoin.pw/","False","","",""
"reddcoin","True","http://www.reddcoin.com/","True","https://github.com/reddcoin-project","reddcoin-projec",""
"reecoin","False","","","","",""
"regacoin","True","https://regaco.in/","True","https://github.com/regacoin/rega/","regacoin","rega"
"regalcoin","True","https://regalcoin.co/","False","","",""
"renos","True","https://renoscoin.com/","True","https://github.com/renoscoin/renoscoin/releases/latest","renoscoin","renoscoin"
"revenu","False","","","","",""
"revolvercoin","True","http://revolvercoin.org/","True","https://github.com/revolvercoin/revolvercoin/releases/tag/v1.0.0.0","revolvercoin","revolvercoin"
"rhfcoin","True","http://rhfcoin.com/","False","","",""
"richcoin","True","http://explorer.richcoin.us/","False","","",""
"ride-my-car","True","http://www.ridemycar.net/","False","","",""
"riecoin","True","http://riecoin.org/","False","","",""
"rimbit","True","http://www.rimbit.com","True","https://github.com/rimbit","rimbi",""
"ripple","True","https://ripple.com/","False","","",""
"rise","True","https://rise.vision/","True","https://github.com/risevision","risevisio",""
"ronpaulcoin","True","http://www.ronpaulcoin.com/","False","","",""
"royalcoin","True","https://bitcointalk.org/index.php?topic=1646562.0","True","https://github.com/royalnath/royal","royalnath","royal"
"royalties","True","https://xry.io/","True","https://github.com/vetro7/royaltiescli","vetro7","royaltiescli"
"rsgpcoin","True","http://rsgpcoin.com/","False","","",""
"rubies","True","http://rbies.org/","False","","",""
"rublebit","False","","","","",""
"rubycoin","True","http://www.rubycoin.org/","True","https://github.com/rubycoinorg/rubycoin","rubycoinorg","rubycoin"
"runners","False","","","","",""
"rupaya","True","http://www.rupayacoin.org/","True","https://github.com/rupaya-project/rupaya-hybrid","rupaya-project","rupaya-hybrid"
"rupee","True","https://rupeeblockchain.org/","False","","",""
"russiacoin","True","http://www.russiacoin.info/","True","https://github.com/russiacoindotinfo/russiacoin","russiacoindotinfo","russiacoin"
"sacoin","True","https://www.sacoin.io/","True","https://github.com/sacoin/sacoin","sacoin","sacoin"
"safe-trade-coin","True","http://safetrade.co.in/","False","","",""
"safecoin","False","","","","",""
"sakuracoin","True","http://sakuracoin.com/","False","","",""
"salus","True","http://saluscoin.info/","False","","",""
"sativacoin","True","https://www.sativacoin.io/","False","","",""
"satoshimadness","True","https://bitcointalk.org/index.php?topic=1154489.0","True","https://github.com/playpossat/blocksattime","playpossat","blocksattime"
"save-and-gain","True","http://coinaid.co.uk/","False","","",""
"scorecoin","False","","","","",""
"secretcoin","False","","","","",""
"securecoin","False","","","","",""
"selfiecoin","True","https://bitcointalk.org/index.php?topic=977167","True","https://github.com/selfiecoin/slfi","selfiecoin","slfi"
"sequence","True","https://duality.solutions","False","","",""
"sexcoin","True","http://www.sexcoin.info/","True","https://github.com/sexcoin-project/sexcoin/releases/download/v0.10.4.0/sexcoin-0.10.4.0-win64-setup","sexcoin-project","sexcoin"
"shacoin","True","http://www.shacoin2.com/","True","https://github.com/altcoinsbeta/shacoin-dead","altcoinsbeta","shacoin-dead"
"shadowcash","True","http://shadowproject.io/","True","https://github.com/shadowproject","shadowprojec",""
"sharkcoin","True","http://www.sharkcoin.org","False","","",""
"shellcoin","True","http://www.shellcoin.org","False","","",""
"shield","True","https://bitcointalk.org/index.php?topic=681570.0","True","https://github.com/shieldcoindevs/shieldcoin","shieldcoindevs","shieldcoin"
"shift","True","http://www.shiftnrg.org","False","","",""
"shilling","True","https://digitalshilling.org/","True","https://github.com/yavwa/shillings_qt_windows_wallet/blob/master/shilling-windows.exe","yavwa","shillings_qt_windows_wallet"
"shorty","True","http://shortycool.site/","False","","",""
"siacoin","True","http://sia.tech/","True","https://github.com/nebulouslabs","nebulouslab",""
"sibcoin","True","http://sibcoin.org","False","","",""
"sigmacoin","True","http://www.sigmacoin.org/","False","","",""
"signatum","False","","","","",""
"sixeleven","True","https://bitcointalk.org/index.php?topic=1235629.0","True","https://github.com/611project/sixeleven/releases","611project","sixeleven"
"skeincoin","True","http://www.skeincoin.org/","False","","",""
"skycoin","True","http://skycoin.net/","True","https://github.com/skycoin/skycoin","skycoin","skycoin"
"slevin","True","https://bitcointalk.org/index.php?topic=1995268","True","https://github.com/slevinseven/slevin","slevinseven","slevin"
"slimcoin","False","","","","",""
"sling","True","https://bitcointalk.org/index.php?topic=1032166.0","False","","",""
"smartcash","True","https://smartcash.cc/","True","https://github.com/smartcash","smartcas",""
"smartcoin","True","http://smartcoin.cc/","True","https://github.com/psionin/smartcoin/releases/download/smc-0.9.1/smartcoin-0.9.1.zip","psionin","smartcoin"
"smileycoin","True","http://tutor-web.info","False","","",""
"socialcoin","True","http://soccoin.com/","False","","",""
"soilcoin","True","http://soilcoin.xyz/","False","","",""
"sojourn","True","http://www.sojournbooking.net/","False","","",""
"solarcoin","True","http://solarcoin.org/","True","https://github.com/onsightit/solarcoin","onsightit","solarcoin"
"solarflarecoin","True","http://solarflarecoin.us/","False","","",""
"solaris","True","http://solariscoin.com/","True","https://github.com/solaris-project/solaris/releases/tag/v2.0.1.0","solaris-project","solaris"
"songcoin","True","http://www.songcoin.org","False","","",""
"sooncoin","True","http://www.sooncoin.com/","True","https://github.com/sooncoin/sooncoin","sooncoin","sooncoin"
"soulcoin","True","https://bitcointalk.org/index.php?topic=1455750.0","True","https://github.com/newsouldev/soul31","newsouldev","soul31"
"spacecoin","True","http://spacecoin.info/","False","","",""
"spectrecoin","True","https://spectreproject.io/","True","https://github.com/spectrecoin","spectrecoi",""
"speedcash","True","http://www.scash.ml/","False","","",""
"sphere","True","https://sphrpay.io/","False","","",""
"sportscoin","False","","","","",""
"spots","True","https://bitcointalk.org/index.php?topic=615513.0","True","https://github.com/thespt/spots2-binaries/raw/master/spots2-setup.exe?raw=true","thespt","spots2-binaries"
"spreadcoin","True","http://www.spreadcoin.info","True","https://github.com/spreadcoin","spreadcoi",""
"sprouts","True","https://sproutscommunity.wordpress.com/","True","https://github.com/sproutscommunityrep/sprouts","sproutscommunityrep","sprouts"
"sproutsextreme","True","https://bitcointalk.org/index.php?topic=1353430.0","True","https://github.com/sproutsex/sproutsextreme","sproutsex","sproutsextreme"
"stakecoin","True","https://bitcointalk.org/index.php?topic=907490","True","https://github.com/cinnicoin/stakecoin","cinnicoin","stakecoin"
"starcash-network","True","http://starcash.co/","True","https://github.com/cybernetik7/starcash-network-2.0","cybernetik7","starcash-network-2.0"
"startcoin","True","https://startcoin.org/","True","https://github.com/startcoin-project/startcoin","startcoin-project","startcoin"
"stealthcoin","False","","","","",""
"steem-dollars","True","https://steem.io/","True","https://github.com/steemit","steemi",""
"steem","True","https://steem.io/","True","https://github.com/steemit","steemi",""
"steps","True","https://bitcointalk.org/index.php?topic=1173385.0","True","https://github.com/altcoinsteps/steps/","altcoinsteps","steps"
"sterlingcoin","True","http://sterlingcoin.org/","True","https://github.com/sterlingcoin/","sterlingcoin",""
"stratis","True","http://stratisplatform.com/","False","","",""
"stress","True","https://bitcointalk.org/index.php?topic=1346521.0","True","https://github.com/strsts/stress","strsts","stress"
"stronghands","True","http://stronghands.github.io/","False","","",""
"sumokoin","True","https://www.sumokoin.org/","False","","",""
"supercoin","False","","","","",""
"swagbucks","True","https://bitcointalk.org/index.php?topic=1281316.0","True","https://github.com/pinkmagicdev/swagbucks/releases/download/v1.2.2/swagbucks-qt.exe","pinkmagicdev","swagbucks"
"swaptoken","False","","","","",""
"swing","True","https://bitcointalk.org/index.php?topic=1164721.0","True","https://github.com/swingcoin/swing/","swingcoin","swing"
"swisscoin","True","https://swisscoin.eu/","False","","",""
"sydpak","True","http://www.sydpak.com/","False","","",""
"sync","False","","","","",""
"syndicate","True","http://syndicateltd.net/","True","https://github.com/syndicateltd/syndicateqt/files/1357266/syndicate-qt-1.9.1-win32.exe.zip","syndicateltd","syndicateqt"
"synergy","True","http://www.synergycoin.com/","False","","",""
"syscoin","True","http://syscoin.org","True","https://github.com/syscoin/blockmarket-desktop-public/releases/download/1.1.1/blockmarket-setup-1.1","syscoin","blockmarket-desktop-public"
"t-coin","True","http://www.trcplatform.com/","False","","",""
"tagcoin","True","http://tagcoin.org/","False","","",""
"tagrcoin","True","http://www.tagrcoin.com/","True","https://github.com/tagrdev/tagrcoin","tagrdev","tagrcoin"
"tajcoin","True","http://tajcoin.tech/","True","https://github.com/taj-coin/tajcoin","taj-coin","tajcoin"
"tao","True","http://tao.network/","True","https://github.com/taoblockchain/tao-core","taoblockchain","tao-core"
"teamup","True","https://bitcointalk.org/index.php?topic=1642984.0","True","https://github.com/teamupdev/teamup/releases/tag/v1.1.1","teamupdev","teamup"
"techshares","True","http://www.techsharescommunity.com/","False","","",""
"tekcoin","True","http://tekcoin.org/","True","https://github.com/maxxine/tek","maxxine","tek"
"tellurion","True","http://www.tellurion.info/","False","","",""
"teracoin","False","","","","",""
"terracoin","True","http://www.terracoin.info/","True","https://github.com/terracoin/terracoin/releases/tag/v0.12.1.5","terracoin","terracoin"
"terranova","True","https://bitcointalk.org/index.php?topic=2012527","True","https://github.com/julerz12/previous-filipino-translations/blob/master/links.md","julerz12","previous-filipino-translations"
"teslacoin","True","http://tesla-coin.com/","True","https://github.com/teslacoinfoundation","teslacoinfoundatio",""
"the-champcoin","True","http://thechampcoin.com/","False","","",""
"the-cypherfunks","True","http://thecypherfunks.com/","True","https://github.com/the-cypherfunks/the-cypherfunks/releases/download/1.0.1.0/cypherfunk-qt-1.0.1.zi","the-cypherfunks","the-cypherfunks"
"thecreed","True","http://thecreed.tech/","False","","",""
"thegcccoin","True","https://www.thegcccoin.com/","False","","",""
"theresa-may-coin","True","http://www.theresamaycoin.com/","True","https://github.com/zulufourm1ke/theresamaycoin-v1.0.1.0","zulufourm1ke","theresamaycoin-v1.0.1.0"
"tigercoin","True","http://tigercoin.wordpress.com","False","","",""
"titcoin","True","http://www.joy-toilet.com/titcoin/","False","","",""
"tittiecoin","True","http://tittiecoin.com","True","https://github.com/tittiecoin/tittiecoin","tittiecoin","tittiecoin"
"toacoin","True","http://www.toacoin.com/","True","https://github.com/toacoin/toa/blob/master/toa-qt.exe","toacoin","toa"
"todaycoin","True","https://bitcointalk.org/index.php?topic=1569405.0","True","https://github.com/todayimage/todayimage-source","todayimage","todayimage-source"
"topcoin","True","http://topcoin.pw/","False","","",""
"torcoin","True","https://bitcointalk.org/index.php?topic=677434.0","False","","",""
"transfercoin","True","http://txproject.io/","True","https://github.com/transferdev/transfercoin/releases/tag/1.2.4' class='avia_image'   target=","transferdev","transfercoin"
"trezarcoin","True","http://trezarcoin.com/","True","https://github.com/trezarcoin/trezarcoin/releases/download/v1.0.0.0-tzc/trezarcoin-win32-1.0.0.0.zi","trezarcoin","trezarcoin"
"triangles","True","https://www.triangles.network/","True","https://github.com/trianglescommunityproject/triangles","trianglescommunityproject","triangles"
"trickycoin","True","https://bitcointalk.org/index.php?topic=1004692.0","True","https://github.com/trickycoin/trickycoin","trickycoin","trickycoin"
"tristar-coin","True","http://www.tristarcoin.com/","False","","",""
"trollcoin","True","http://trollcoinbase.com","False","","",""
"truckcoin","True","http://truckcoin.net","True","https://github.com/noise23/truckcoin","noise23","truckcoin"
"trumpcoin","True","http://www.trumpcoin.com","False","","",""
"trustplus","True","http://trustplus.co","False","","",""
"turbocoin","True","http://turboproject.org/","False","","",""
"tychocoin","True","https://tychocoin.com/","False","","",""
"tyrocoin","True","https://tyrocoin.com/","False","","",""
"ubiq","True","http://ubiqsmart.com/","True","https://github.com/ubiq/fusion/releases/download/v0.9.2/fusion-installer-0-9-2.exe","ubiq","fusion"
"ufo-coin","True","https://ufocoin.net/","True","https://github.com/ufocoins/ufo","ufocoins","ufo"
"ugain","True","https://bitcointalk.org/index.php?topic=1575391.0","True","https://github.com/ugain1/ugain-src","ugain1","ugain-src"
"ulatech","True","https://ulatech.com/","True","https://github.com/ulatechgroup/ulatechgroup","ulatechgroup","ulatechgroup"
"ultracoin","True","http://ultracoin.io/","True","https://github.com/presstab/ultracoin-2","presstab","ultracoin-2"
"unbreakablecoin","True","http://www.unbreakablecoin.com/","False","","",""
"uncoin","True","http://uncoin.org/","True","https://github.com/belledejour/uncoin-source-code/projects","belledejour","uncoin-source-code"
"unicoin","True","http://unicoins.tumblr.com/","False","","",""
"unify","True","http://www.unify.today/","True","https://github.com/sbdomains/unify-source","sbdomains","unify-source"
"unitus","True","http://unitus.online","False","","",""
"universe","True","http://unicoin.pw/","False","","",""
"unobtanium","True","http://unobtanium.uno","True","https://github.com/unobtanium-official/unobtanium","unobtanium-official","unobtanium"
"unrealcoin","True","https://bitcointalk.org/index.php?topic=1000669.0","True","https://github.com/unrealcoin/urccoin","unrealcoin","urccoin"
"ur","True","https://ur.technology/","False","","",""
"uro","True","http://uro.io","False","","",""
"usde","True","http://usde.co/","True","https://github.com/owner232/usde-master/releases/download/v1.0.3/usde-official-rc3.zip","owner232","usde-master"
"utacoin","True","http://www.goodtime.life/","False","","",""
"valorbit","True","https://valorbit.com/","False","","",""
"vaperscoin","True","https://bitcointalk.org/index.php?topic=1489456.0","True","https://github.com/vaperscoin/vaperscoin.git","vaperscoin","vaperscoin"
"vault-coin","True","http://vltcoin.org/","False","","",""
"vcash","True","http://vcash.info/","True","https://github.com/openvcash/papers/blob/master/vanillacoin.pdf","openvcash","papers"
"vechain","True","https://www.vechain.com/","False","","",""
"vector","True","http://vector-blockchain.com/","True","https://github.com/vectorcoindev/vector/releases/tag/v3.0.0","vectorcoindev","vector"
"vegascoin","True","http://vegascoin.co/","False","","",""
"veltor","True","http://veltor.org/","False","","",""
"verge","True","http://vergecurrency.com/","True","https://github.com/vergecurrency/electrum-xvg/releases/download/2.4.1/electrum-xvg-win-amd64.zip","vergecurrency","electrum-xvg"
"vericoin","True","http://www.vericoin.info/","False","","",""
"veriumreserve","True","http://www.vericoin.info/veriumlaunch.html","False","","",""
"version","True","http://version2.org/","False","","",""
"vertcoin","True","http://vertcoin.org/","True","https://github.com/vertcoin/vertcoin/releases","vertcoin","vertcoin"
"viacoin","True","http://viacoin.org","True","https://github.com/viacoin/documents/raw/master/whitepapers/viacoin_whitepaper.pdf","viacoin","documents"
"vip-tokens","False","","","","",""
"virtacoin","True","https://www.virtacoin.world/","True","https://github.com/virtacoin/virtacoinproject","virtacoin","virtacoinproject"
"virtacoinplus","True","https://www.virtacoin.plus/","False","","",""
"virtualcoin","True","https://bitcointalk.org/index.php?topic=1756007.0","True","https://github.com/vcoin-z/virtualcoin.git","vcoin-z","virtualcoin.git"
"visio","True","http://www.visioplatform.com/","True","https://github.com/fladirmacht/visiox/releases/tag/v2.0.1","fladirmacht","visiox"
"vivo","True","https://www.vivocrypto.com/","True","https://github.com/vivocoin/vivo/releases/download/v0.12.1.7/vivo-0.12.1.7-win64.zip","vivocoin","vivo"
"voxels","True","https://thevoxel.com/","False","","",""
"voyacoin","True","https://bitcointalk.org/index.php?topic=963475.0","True","https://github.com/voyacoin/voyacoin","voyacoin","voyacoin"
"vpncoin","True","http://www.bitnet.cc/","False","","",""
"vsync","True","https://vsync.pw","False","","",""
"vtorrent","True","http://vtorrent.info/","True","https://github.com/vtorrent","vtorren",""
"vulcano","False","","","","",""
"wa-space","True","http://www.wa3529.com/","False","","",""
"warp","True","http://www.warpcoin.com/","False","","",""
"waves","True","https://wavesplatform.com/","False","","",""
"wayguide","False","","","","",""
"wearesatoshi","True","http://www.wsx.co.in","False","","",""
"wexcoin","True","http://wexcoin.org/","True","https://github.com/wexcoinofficial/wexcoin/releases/download/1.0.0.0/wexcoin-qt.exe","wexcoinofficial","wexcoin"
"whalecoin","True","https://whalecoin.org/","True","https://github.com/whalecoinorg/desktopwallet/releases","whalecoinorg","desktopwallet"
"whitecoin","True","http://whitecoin.info/","True","https://github.com/whitecoin-org/whitecoin/releases/download/v2.1.0.0/windows-whitecoin-qt-v2.1.0.0","whitecoin-org","whitecoin"
"wild-beast-block","True","http://wbbos.com/","False","","",""
"wink","True","https://bitcointalk.org/index.php?topic=2048047.0","True","https://github.com/winkchain/wink","winkchain","wink"
"wmcoin","False","","","","",""
"woodcoin","True","http://woodcoin.org/","True","https://github.com/woodcoin-core/woodcoin-linux/","woodcoin-core","woodcoin-linux"
"worldcoin","True","http://worldcoin.global/","True","https://github.com/worldcoinglobal","worldcoingloba",""
"wowcoin","False","","","","",""
"wowecoin","True","http://www.wowdigit.com/","False","","",""
"wyvern","True","https://www.projectwyvern.com/","True","https://github.com/mmistakes/minimal-mistakes/blob/master/license.txt","mmistakes","minimal-mistakes"
"x-coin","True","http://x-coin.info/","False","","",""
"x2","True","https://bitcointalk.org/index.php?topic=1277204.0","True","https://github.com/x2team2017/x2","x2team2017","x2"
"xaucoin","True","https://bitcointalk.org/index.php?topic=974426.0","False","","",""
"xcurrency","True","http://xcurrency.com/","False","","",""
"xde-ii","True","https://bitcointalk.org/index.php?topic=1310435.0","True","https://github.com/vegas-guy/xde2/releases","vegas-guy","xde2"
"xios","True","http://www.xioscoin.com/","False","","",""
"xonecoin","True","https://bitcointalk.org/index.php?topic=1600606","True","https://github.com/xonecoin/xonecoin","xonecoin","xonecoin"
"xp","True","http://www.xpcoin.io/","True","https://github.com/experiencepoints/xpcoin/","experiencepoints","xpcoin"
"xtd-coin","True","https://bitcoingarden.org/forum/index.php?topic=17939.0","True","https://github.com/duongminhtien","duongminhtie",""
"xtrabytes","True","https://www.xtrabytes.global/","True","https://github.com/borzalom/xtrabytes/releases/tag/pre-v1.2.0.2-win","borzalom","xtrabytes"
"yacoin","True","http://www.yacoin.org","True","https://github.com/yacoin/yacoin/releases/download/stable_0.4.4/yacoin.0.4.4.zip","yacoin","yacoin"
"yashcoin","True","https://www.yashcoin.com/","True","https://github.com/yashcoin/yashcoin-source/","yashcoin","yashcoin-source"
"yescoin","True","http://yescoin.us/","False","","",""
"yocoin","True","http://www.yocoin.org/","False","","",""
"zayedcoin","False","","","","",""
"zcash","True","https://z.cash/","True","https://github.com/zcash/zcash","zcash","zcash"
"zclassic","True","http://zclassic.org/","True","https://github.com/z-classic/zclassic","z-classic","zclassic"
"zcoin","True","https://zcoin.io","True","https://github.com/zcoinofficial/zcoin","zcoinofficial","zcoin"
"zeitcoin","True","http://www.zeit-coin.net","True","https://github.com/zeitcoin/zeitcoin","zeitcoin","zeitcoin"
"zencash","True","https://zensystem.io/","True","https://github.com/zencashofficial","zencashofficia",""
"zennies","True","http://zeni.zone/","True","https://github.com/zennies/zennies","zennies","zennies"
"zephyr","True","https://zephyr.bitspark.io/","False","","",""
"zero","True","http://zero.finance/","False","","",""
"zetacoin","True","http://www.zetac.org/","True","https://github.com/zetacoin/zetacoin/releases/download/v0.11.3.2/zetacoin-0.11.3.2-win32-setup.exe","zetacoin","zetacoin"
"zetamicron","True","http://www.fuzzbawls.pw/explore/ZetaMicron/","True","https://github.com/specdevelopment/spectra","specdevelopment","spectra"
"zilbercoin","True","http://zilbercoin.space/","True","https://github.com/zilbercoin","zilbercoi",""
"zoin","True","http://zoinofficial.com/","False","","",""
"zonecoin","False","","","","",""
"zsecoin","True","https://zsecoin.com/","False","","",""
"zurcoin","True","http://shai102.wix.com/zurcoin","False","","",""